{
  "sf": {
    "alpha": 2.3321787079617335,
    "error_q95": 1.3781943321228027
  },
  "vd": {
    "alpha": 2.8404771752810998,
    "error_q95": 1.0292096138000488
  }
}